{"cameraMode":{"drawMode":0,"name":"Shaded","section":"Shading Mode"},"sceneLighting":true,"audioPlay":false,"sceneViewState":{"m_AlwaysRefresh":false,"showFog":true,"showSkybox":true,"showFlares":true,"showImageEffects":true,"showParticleSystems":true,"showVisualEffectGraphs":true,"m_FxEnabled":true},"in2DMode":false,"pivot":{"x":12.513331413269043,"y":2.0431723594665529,"z":15.028053283691407},"rotation":{"x":-0.10720431059598923,"y":0.7686101198196411,"z":-0.13368508219718934,"w":-0.6163483262062073},"size":6.481432914733887,"orthographic":false}